measure_id,measure_name,location_id,location_name,sex_id,sex_name,age_id,age_name,cause_id,cause_name,metric_id,metric_name,year,val,upper,lower
1,Deaths,109,Republic of Cuba,3,Both,22,All ages,302,Diarrheal diseases,1,Number,1980,408.45971010749514,432.1552177080451,386.116342718973
1,Deaths,109,Republic of Cuba,3,Both,22,All ages,302,Diarrheal diseases,2,Percent,1980,0.008211640963946241,0.00865940111230114,0.007763655956634103
1,Deaths,109,Republic of Cuba,3,Both,22,All ages,302,Diarrheal diseases,3,Rate,1980,4.109768127567356,4.348183421642847,3.884957560249194
1,Deaths,109,Republic of Cuba,3,Both,22,All ages,332,Meningitis,1,Number,1980,554.7301571280209,575.3485428753205,536.0067423806561
1,Deaths,109,Republic of Cuba,3,Both,22,All ages,332,Meningitis,2,Percent,1980,0.011152385347048682,0.011549552033624545,0.010779179943845222
1,Deaths,109,Republic of Cuba,3,Both,22,All ages,332,Meningitis,3,Rate,1980,5.581486405513993,5.788940855706496,5.393098441502329
1,Deaths,109,Republic of Cuba,3,Both,22,All ages,589,Chronic kidney disease,1,Number,1982,674.4747146487249,709.0295880728618,638.994530149159
1,Deaths,109,Republic of Cuba,3,Both,22,All ages,589,Chronic kidney disease,2,Percent,1982,0.012415690668218146,0.012993033809482477,0.01178294977968827
1,Deaths,109,Republic of Cuba,3,Both,22,All ages,589,Chronic kidney disease,3,Rate,1982,6.676152567053561,7.018187045002687,6.324959083173773
1,Deaths,109,Republic of Cuba,3,Both,22,All ages,589,Chronic kidney disease,1,Number,1984,742.4961155005727,776.172557437958,702.742811344542
1,Deaths,109,Republic of Cuba,3,Both,22,All ages,589,Chronic kidney disease,2,Percent,1984,0.012410962610662234,0.013006526365103103,0.011770412711619533
1,Deaths,109,Republic of Cuba,3,Both,22,All ages,589,Chronic kidney disease,3,Rate,1984,7.221332134540929,7.548860814169769,6.834701407776004
1,Deaths,109,Republic of Cuba,3,Both,22,All ages,302,Diarrheal diseases,1,Number,1982,432.0382447226668,457.5389474588671,407.5247759498572
1,Deaths,109,Republic of Cuba,3,Both,22,All ages,302,Diarrheal diseases,2,Percent,1982,0.007952994144710394,0.008385385637102286,0.007510881486405159
1,Deaths,109,Republic of Cuba,3,Both,22,All ages,302,Diarrheal diseases,3,Rate,1982,4.276443836849766,4.528857423803315,4.033802187102805
1,Deaths,109,Republic of Cuba,3,Both,22,All ages,332,Meningitis,1,Number,1982,664.4565520784184,689.6866835355802,642.4956375201851
1,Deaths,109,Republic of Cuba,3,Both,22,All ages,332,Meningitis,2,Percent,1982,0.012231523887849764,0.012696851720664785,0.011839035405508572
1,Deaths,109,Republic of Cuba,3,Both,22,All ages,332,Meningitis,3,Rate,1982,6.576989795924696,6.826725187387906,6.359614091664018
1,Deaths,109,Republic of Cuba,3,Both,22,All ages,302,Diarrheal diseases,1,Number,1984,438.2165667100795,465.0568099424437,410.377030176
1,Deaths,109,Republic of Cuba,3,Both,22,All ages,302,Diarrheal diseases,2,Percent,1984,0.007324798167544005,0.007748932507435678,0.006875840817265388
1,Deaths,109,Republic of Cuba,3,Both,22,All ages,302,Diarrheal diseases,3,Rate,1984,4.261985091919658,4.523026607028591,3.991224699255867
1,Deaths,109,Republic of Cuba,3,Both,22,All ages,332,Meningitis,1,Number,1984,688.8545221223071,717.49951738901,662.7474456762877
1,Deaths,109,Republic of Cuba,3,Both,22,All ages,332,Meningitis,2,Percent,1984,0.011514393765780114,0.011982677586033472,0.011078105288793431
1,Deaths,109,Republic of Cuba,3,Both,22,All ages,332,Meningitis,3,Rate,1984,6.699627368786979,6.978221452304516,6.4457164510827765
1,Deaths,109,Republic of Cuba,3,Both,22,All ages,589,Chronic kidney disease,1,Number,1980,633.2252595909326,665.1034158231806,601.0223115530222
1,Deaths,109,Republic of Cuba,3,Both,22,All ages,589,Chronic kidney disease,2,Percent,1980,0.012730313853015198,0.013348966247460336,0.01208737512591297
1,Deaths,109,Republic of Cuba,3,Both,22,All ages,589,Chronic kidney disease,3,Rate,1980,6.371274632576371,6.692020662617918,6.047260669424199
1,Deaths,109,Republic of Cuba,3,Both,22,All ages,589,Chronic kidney disease,1,Number,1981,649.9094282039435,683.7493830540662,617.1719130598738
1,Deaths,109,Republic of Cuba,3,Both,22,All ages,589,Chronic kidney disease,2,Percent,1981,0.012484562508698137,0.013102669438302444,0.011864958303116043
1,Deaths,109,Republic of Cuba,3,Both,22,All ages,589,Chronic kidney disease,3,Rate,1981,6.487028474586077,6.824799771885307,6.160261107148939
1,Deaths,109,Republic of Cuba,3,Both,22,All ages,589,Chronic kidney disease,1,Number,1983,690.612723896672,722.7967503543542,653.6904010443715
1,Deaths,109,Republic of Cuba,3,Both,22,All ages,589,Chronic kidney disease,2,Percent,1983,0.01220690779428576,0.012773556298688274,0.01159910403924058
1,Deaths,109,Republic of Cuba,3,Both,22,All ages,589,Chronic kidney disease,3,Rate,1983,6.776485536106891,7.092284220720755,6.414193359738713
1,Deaths,109,Republic of Cuba,3,Both,22,All ages,589,Chronic kidney disease,1,Number,1986,790.0906398011117,823.2542964955139,752.2906986022947
1,Deaths,109,Republic of Cuba,3,Both,22,All ages,589,Chronic kidney disease,2,Percent,1986,0.012507133403237062,0.013069640338663237,0.011908168982905183
1,Deaths,109,Republic of Cuba,3,Both,22,All ages,589,Chronic kidney disease,3,Rate,1986,7.550514762628864,7.867443817144528,7.189278975656354
1,Deaths,109,Republic of Cuba,3,Both,22,All ages,302,Diarrheal diseases,1,Number,1983,434.224951593844,458.9855076756783,407.43922953027356
1,Deaths,109,Republic of Cuba,3,Both,22,All ages,302,Diarrheal diseases,2,Percent,1983,0.007675175618468591,0.008114418249839654,0.007226757706243666
1,Deaths,109,Republic of Cuba,3,Both,22,All ages,302,Diarrheal diseases,3,Rate,1983,4.2607368820106615,4.503694395460156,3.99790787255685
1,Deaths,109,Republic of Cuba,3,Both,22,All ages,589,Chronic kidney disease,1,Number,1985,775.4777374572363,812.5751821803204,736.756213102242
1,Deaths,109,Republic of Cuba,3,Both,22,All ages,589,Chronic kidney disease,2,Percent,1985,0.01223339617943986,0.012851887189978909,0.011648171603122329
1,Deaths,109,Republic of Cuba,3,Both,22,All ages,589,Chronic kidney disease,3,Rate,1985,7.476262568496567,7.833913373894922,7.102954259118664
1,Deaths,109,Republic of Cuba,3,Both,22,All ages,332,Meningitis,1,Number,1983,675.6899202349372,701.7774850138078,650.1565671467976
1,Deaths,109,Republic of Cuba,3,Both,22,All ages,332,Meningitis,2,Percent,1983,0.01194328798201338,0.012409844493433835,0.011505855975352808
1,Deaths,109,Republic of Cuba,3,Both,22,All ages,332,Meningitis,3,Rate,1983,6.630058805650308,6.88603730022365,6.379518391460112
1,Deaths,109,Republic of Cuba,3,Both,22,All ages,589,Chronic kidney disease,1,Number,1987,787.4622369715782,822.8986539094898,747.7734815247853
1,Deaths,109,Republic of Cuba,3,Both,22,All ages,589,Chronic kidney disease,2,Percent,1987,0.01214741026466795,0.012673548510176026,0.011569538967280753
1,Deaths,109,Republic of Cuba,3,Both,22,All ages,589,Chronic kidney disease,3,Rate,1987,7.457301285199775,7.792885679176879,7.081447062475909
1,Deaths,109,Republic of Cuba,3,Both,22,All ages,589,Chronic kidney disease,1,Number,1989,726.8410442509306,760.5899503517394,688.2492240797096
1,Deaths,109,Republic of Cuba,3,Both,22,All ages,589,Chronic kidney disease,2,Percent,1989,0.010734595833733896,0.011207602197682472,0.0101926479664843
1,Deaths,109,Republic of Cuba,3,Both,22,All ages,589,Chronic kidney disease,3,Rate,1989,6.757807604233986,7.071588197785457,6.398999997155223
1,Deaths,109,Republic of Cuba,3,Both,22,All ages,302,Diarrheal diseases,1,Number,1981,396.51761471917274,418.76845266684785,375.5833714882207
1,Deaths,109,Republic of Cuba,3,Both,22,All ages,302,Diarrheal diseases,2,Percent,1981,0.00761705388235562,0.008027295898563987,0.0072148551715771414
1,Deaths,109,Republic of Cuba,3,Both,22,All ages,302,Diarrheal diseases,3,Rate,1981,3.9578146519072366,4.179909936397667,3.7488608715191143
1,Deaths,109,Republic of Cuba,3,Both,22,All ages,332,Meningitis,1,Number,1981,686.011194477134,712.8396576915044,661.1077636787111
1,Deaths,109,Republic of Cuba,3,Both,22,All ages,332,Meningitis,2,Percent,1981,0.013178276928837641,0.013684346914596579,0.012725362246199117
1,Deaths,109,Republic of Cuba,3,Both,22,All ages,332,Meningitis,3,Rate,1981,6.8473758947554355,7.115162446616922,6.598803928118939
1,Deaths,109,Republic of Cuba,3,Both,22,All ages,302,Diarrheal diseases,1,Number,1986,428.50960886223066,455.49796376185316,403.38867891948286
1,Deaths,109,Republic of Cuba,3,Both,22,All ages,302,Diarrheal diseases,2,Percent,1986,0.006783295484260239,0.007205888124471302,0.006387187951927821
1,Deaths,109,Republic of Cuba,3,Both,22,All ages,302,Diarrheal diseases,3,Rate,1986,4.095059433253199,4.352974110156548,3.854990835008024
1,Deaths,109,Republic of Cuba,3,Both,22,All ages,332,Meningitis,1,Number,1986,627.094844870404,653.7113131503405,604.4715729220605
1,Deaths,109,Republic of Cuba,3,Both,22,All ages,332,Meningitis,2,Percent,1986,0.009927077216175941,0.010344273812792541,0.009584924540754883
1,Deaths,109,Republic of Cuba,3,Both,22,All ages,332,Meningitis,3,Rate,1986,5.992842650248775,6.2472033862869765,5.776642963504058
1,Deaths,109,Republic of Cuba,3,Both,22,All ages,589,Chronic kidney disease,1,Number,1991,843.8178949211637,882.079449218082,799.5865153289059
1,Deaths,109,Republic of Cuba,3,Both,22,All ages,589,Chronic kidney disease,2,Percent,1991,0.011661661011969422,0.012145274509830065,0.011100916054209563
1,Deaths,109,Republic of Cuba,3,Both,22,All ages,589,Chronic kidney disease,3,Rate,1991,7.721972872929596,8.072113212610972,7.3172012801493995
1,Deaths,109,Republic of Cuba,3,Both,22,All ages,589,Chronic kidney disease,1,Number,1988,739.4963981809852,772.5385107109039,703.192907420419
1,Deaths,109,Republic of Cuba,3,Both,22,All ages,589,Chronic kidney disease,2,Percent,1988,0.010896009311149066,0.011357461271056241,0.01039226017133492
1,Deaths,109,Republic of Cuba,3,Both,22,All ages,589,Chronic kidney disease,3,Rate,1988,6.938526659169562,7.2485532924676495,6.597899255056819
1,Deaths,109,Republic of Cuba,3,Both,22,All ages,589,Chronic kidney disease,1,Number,1995,923.7108074484263,965.8817083246703,873.7856150128613
1,Deaths,109,Republic of Cuba,3,Both,22,All ages,589,Chronic kidney disease,2,Percent,1995,0.011769978087123385,0.012283030266702815,0.011172245073343969
1,Deaths,109,Republic of Cuba,3,Both,22,All ages,589,Chronic kidney disease,3,Rate,1995,8.280140592006205,8.658160406575012,7.832611333805419
1,Deaths,109,Republic of Cuba,3,Both,22,All ages,589,Chronic kidney disease,1,Number,1990,830.8997247761964,866.0606645112914,788.9543371609743
1,Deaths,109,Republic of Cuba,3,Both,22,All ages,589,Chronic kidney disease,2,Percent,1990,0.011653322688038138,0.012148142779805228,0.011088654108890504
1,Deaths,109,Republic of Cuba,3,Both,22,All ages,589,Chronic kidney disease,3,Rate,1990,7.660136308790662,7.984288048266262,7.273438158488346
1,Deaths,109,Republic of Cuba,3,Both,22,All ages,589,Chronic kidney disease,1,Number,1992,865.2681552467793,902.2603830066467,820.2594090779337
1,Deaths,109,Republic of Cuba,3,Both,22,All ages,589,Chronic kidney disease,2,Percent,1992,0.01152720183652827,0.012007811098772688,0.010956887464608484
1,Deaths,109,Republic of Cuba,3,Both,22,All ages,589,Chronic kidney disease,3,Rate,1992,7.868629035398118,8.20503124281824,7.459325717341725
1,Deaths,109,Republic of Cuba,3,Both,22,All ages,302,Diarrheal diseases,1,Number,1985,494.54862125333534,527.2208277820722,464.1034820664991
1,Deaths,109,Republic of Cuba,3,Both,22,All ages,302,Diarrheal diseases,2,Percent,1985,0.0078017027034229984,0.008304556001736048,0.0073451796659374366
1,Deaths,109,Republic of Cuba,3,Both,22,All ages,302,Diarrheal diseases,3,Rate,1985,4.767867814621557,5.082855573653718,4.474350872095836
1,Deaths,109,Republic of Cuba,3,Both,22,All ages,332,Meningitis,1,Number,1985,701.2350970893234,728.9017718694887,673.7362439209206
1,Deaths,109,Republic of Cuba,3,Both,22,All ages,332,Meningitis,2,Percent,1985,0.01106241560740799,0.01154250648927492,0.010625161247128324
1,Deaths,109,Republic of Cuba,3,Both,22,All ages,332,Meningitis,3,Rate,1985,6.760500598347711,7.027230789380594,6.495388349872813
1,Deaths,109,Republic of Cuba,3,Both,22,All ages,302,Diarrheal diseases,1,Number,1987,469.7850371384918,497.1975850165223,439.3336634247492
1,Deaths,109,Republic of Cuba,3,Both,22,All ages,302,Diarrheal diseases,2,Percent,1987,0.007246921190687994,0.007662883985896212,0.006797765421944005
1,Deaths,109,Republic of Cuba,3,Both,22,All ages,302,Diarrheal diseases,3,Rate,1987,4.44888452644231,4.708482534986321,4.160508706409442
1,Deaths,109,Republic of Cuba,3,Both,22,All ages,332,Meningitis,1,Number,1987,586.0346793667472,608.3634875787014,566.9287344839049
1,Deaths,109,Republic of Cuba,3,Both,22,All ages,332,Meningitis,2,Percent,1987,0.009040253868846134,0.009375824844355264,0.008764057297478705
1,Deaths,109,Republic of Cuba,3,Both,22,All ages,332,Meningitis,3,Rate,1987,5.549773643013455,5.76122841805938,5.368839522441883
1,Deaths,109,Republic of Cuba,3,Both,22,All ages,589,Chronic kidney disease,1,Number,1994,930.680286151661,970.9401335991012,882.1038955987094
1,Deaths,109,Republic of Cuba,3,Both,22,All ages,589,Chronic kidney disease,2,Percent,1994,0.01184990504619343,0.012369416325933106,0.011237452470449464
1,Deaths,109,Republic of Cuba,3,Both,22,All ages,589,Chronic kidney disease,3,Rate,1994,8.37953895045877,8.742025364800174,7.942173119498394
1,Deaths,109,Republic of Cuba,3,Both,22,All ages,302,Diarrheal diseases,1,Number,1989,455.3367084655289,482.1286568467852,427.03199854887794
1,Deaths,109,Republic of Cuba,3,Both,22,All ages,302,Diarrheal diseases,2,Percent,1989,0.0067248929578321535,0.007098791030144632,0.006316113608565862
1,Deaths,109,Republic of Cuba,3,Both,22,All ages,302,Diarrheal diseases,3,Rate,1989,4.233494923400215,4.4825931738845295,3.970331766306481
1,Deaths,109,Republic of Cuba,3,Both,22,All ages,332,Meningitis,1,Number,1989,535.6225160292254,555.101123106623,515.3479913198646
1,Deaths,109,Republic of Cuba,3,Both,22,All ages,332,Meningitis,2,Percent,1989,0.0079107705320032,0.008217631871042153,0.007603840059456506
1,Deaths,109,Republic of Cuba,3,Both,22,All ages,332,Meningitis,3,Rate,1989,4.979952550081389,5.161054979654806,4.7914500730448175
1,Deaths,109,Republic of Cuba,3,Both,22,All ages,589,Chronic kidney disease,1,Number,1997,996.4126450530767,1046.784521420684,944.5219584950931
1,Deaths,109,Republic of Cuba,3,Both,22,All ages,589,Chronic kidney disease,2,Percent,1997,0.012851342360900799,0.013470285688880307,0.012193622785284037
1,Deaths,109,Republic of Cuba,3,Both,22,All ages,589,Chronic kidney disease,3,Rate,1997,8.85091890451377,9.298361432477808,8.3899851127715
1,Deaths,109,Republic of Cuba,3,Both,22,All ages,589,Chronic kidney disease,1,Number,1999,1090.168737395641,1146.220891837753,1033.1956928089373
1,Deaths,109,Republic of Cuba,3,Both,22,All ages,589,Chronic kidney disease,2,Percent,1999,0.013884969080293243,0.014578244807595288,0.013182776092152423
1,Deaths,109,Republic of Cuba,3,Both,22,All ages,589,Chronic kidney disease,3,Rate,1999,9.597465830914397,10.09092947425135,9.095894991513584
1,Deaths,109,Republic of Cuba,3,Both,22,All ages,302,Diarrheal diseases,1,Number,1991,548.0107989066524,577.9598036570435,515.421358873676
1,Deaths,109,Republic of Cuba,3,Both,22,All ages,302,Diarrheal diseases,2,Percent,1991,0.0075736305384698725,0.00796671783951777,0.00712133973522488
1,Deaths,109,Republic of Cuba,3,Both,22,All ages,302,Diarrheal diseases,3,Rate,1991,5.014973667541155,5.28904394223634,4.716740158399797
1,Deaths,109,Republic of Cuba,3,Both,22,All ages,332,Meningitis,1,Number,1991,427.5030718069137,442.92912262675185,413.09079372103355
1,Deaths,109,Republic of Cuba,3,Both,22,All ages,332,Meningitis,2,Percent,1991,0.005908241209919166,0.006096470193881243,0.005724782469163802
1,Deaths,109,Republic of Cuba,3,Both,22,All ages,332,Meningitis,3,Rate,1991,3.912179563216642,4.053346924899989,3.7802894704772743
1,Deaths,109,Republic of Cuba,3,Both,22,All ages,589,Chronic kidney disease,1,Number,2000,1220.451195970942,1285.6369395161423,1154.6091020639533
1,Deaths,109,Republic of Cuba,3,Both,22,All ages,589,Chronic kidney disease,2,Percent,2000,0.015794177431744615,0.016619485945910475,0.01494808355710854
1,Deaths,109,Republic of Cuba,3,Both,22,All ages,589,Chronic kidney disease,3,Rate,2000,10.702811041859082,11.274460853085113,10.125405331566663
1,Deaths,109,Republic of Cuba,3,Both,22,All ages,302,Diarrheal diseases,1,Number,1988,467.4238071017102,493.835865463648,440.789697139204
1,Deaths,109,Republic of Cuba,3,Both,22,All ages,302,Diarrheal diseases,2,Percent,1988,0.0068871566976062915,0.00727031683344554,0.006491971157129364
1,Deaths,109,Republic of Cuba,3,Both,22,All ages,302,Diarrheal diseases,3,Rate,1988,4.385731363510967,4.63354970518056,4.135829562132789
1,Deaths,109,Republic of Cuba,3,Both,22,All ages,332,Meningitis,1,Number,1988,598.6860582678794,623.3259707739968,576.5349648710378
1,Deaths,109,Republic of Cuba,3,Both,22,All ages,332,Meningitis,2,Percent,1988,0.00882132583232362,0.00917930703185671,0.008476593700676443
1,Deaths,109,Republic of Cuba,3,Both,22,All ages,332,Meningitis,3,Rate,1988,5.617335237849475,5.848525937660646,5.409496562175327
1,Deaths,109,Republic of Cuba,3,Both,22,All ages,589,Chronic kidney disease,1,Number,1998,1038.0422425695417,1091.0248022987682,984.9799043610122
1,Deaths,109,Republic of Cuba,3,Both,22,All ages,589,Chronic kidney disease,2,Percent,1998,0.013281641249180794,0.0139212001934759,0.01259716145719574
1,Deaths,109,Republic of Cuba,3,Both,22,All ages,589,Chronic kidney disease,3,Rate,1998,9.178084652819491,9.646541906653585,8.708922019563946
1,Deaths,109,Republic of Cuba,3,Both,22,All ages,302,Diarrheal diseases,1,Number,1995,686.4562416332104,723.9279127415391,640.9144018217178
1,Deaths,109,Republic of Cuba,3,Both,22,All ages,302,Diarrheal diseases,2,Percent,1995,0.00874691056011311,0.009224580496310404,0.00816583719035048
1,Deaths,109,Republic of Cuba,3,Both,22,All ages,302,Diarrheal diseases,3,Rate,1995,6.153391456665964,6.489287391294509,5.745154556743323
1,Deaths,109,Republic of Cuba,3,Both,22,All ages,332,Meningitis,1,Number,1995,345.1964767763172,356.5783828249881,332.6544397981558
1,Deaths,109,Republic of Cuba,3,Both,22,All ages,332,Meningitis,2,Percent,1995,0.004398503025712445,0.0045357964403772415,0.0042487521713805805
1,Deaths,109,Republic of Cuba,3,Both,22,All ages,332,Meningitis,3,Rate,1995,3.0943400645799035,3.19636743237516,2.98191328700848
1,Deaths,109,Republic of Cuba,3,Both,22,All ages,589,Chronic kidney disease,1,Number,1993,905.2363988719554,946.3487973390743,858.971140032899
1,Deaths,109,Republic of Cuba,3,Both,22,All ages,589,Chronic kidney disease,2,Percent,1993,0.011657166904850422,0.012167376278516074,0.011056699060712388
1,Deaths,109,Republic of Cuba,3,Both,22,All ages,589,Chronic kidney disease,3,Rate,1993,8.18858404461495,8.560478425511718,7.770077938561805
1,Deaths,109,Republic of Cuba,3,Both,22,All ages,589,Chronic kidney disease,1,Number,1996,939.7308377204467,985.8554374439834,890.1728884496679
1,Deaths,109,Republic of Cuba,3,Both,22,All ages,589,Chronic kidney disease,2,Percent,1996,0.01202918205635819,0.012621032523028571,0.011390885189530187
1,Deaths,109,Republic of Cuba,3,Both,22,All ages,589,Chronic kidney disease,3,Rate,1996,8.386263400888543,8.797884502395071,7.944002702920209
1,Deaths,109,Republic of Cuba,3,Both,22,All ages,302,Diarrheal diseases,1,Number,1990,525.227685931826,553.1987601630378,494.4354912901143
1,Deaths,109,Republic of Cuba,3,Both,22,All ages,302,Diarrheal diseases,2,Percent,1990,0.007366297489316254,0.007734092839360274,0.006960473446673471
1,Deaths,109,Republic of Cuba,3,Both,22,All ages,302,Diarrheal diseases,3,Rate,1990,4.842119388680938,5.099987137249636,4.558243487451276
1,Deaths,109,Republic of Cuba,3,Both,22,All ages,332,Meningitis,1,Number,1990,487.08389922153066,502.6966165307307,470.0277057797255
1,Deaths,109,Republic of Cuba,3,Both,22,All ages,332,Meningitis,2,Percent,1990,0.006831303684893639,0.007055448322057586,0.0066204598825496345
1,Deaths,109,Republic of Cuba,3,Both,22,All ages,332,Meningitis,3,Rate,1990,4.49046852537972,4.63440351437168,4.333226005280772
1,Deaths,109,Republic of Cuba,3,Both,22,All ages,302,Diarrheal diseases,1,Number,1992,594.693982125513,626.0946989137503,557.1528710801986
1,Deaths,109,Republic of Cuba,3,Both,22,All ages,302,Diarrheal diseases,2,Percent,1992,0.00792257944733732,0.008344124673640405,0.007429728444843458
1,Deaths,109,Republic of Cuba,3,Both,22,All ages,302,Diarrheal diseases,3,Rate,1992,5.40806489474323,5.693618674058925,5.066671218573538
1,Deaths,109,Republic of Cuba,3,Both,22,All ages,332,Meningitis,1,Number,1992,394.13073526208757,407.93102749501566,382.1992544426708
1,Deaths,109,Republic of Cuba,3,Both,22,All ages,332,Meningitis,2,Percent,1992,0.0052506540871710815,0.005416298244795396,0.005100539363699629
1,Deaths,109,Republic of Cuba,3,Both,22,All ages,332,Meningitis,3,Rate,1992,3.5841704429091927,3.7096683934607526,3.47566720510752
1,Deaths,109,Republic of Cuba,3,Both,22,All ages,302,Diarrheal diseases,1,Number,1994,727.1827246142694,767.9249306894238,677.814875420693
1,Deaths,109,Republic of Cuba,3,Both,22,All ages,302,Diarrheal diseases,2,Percent,1994,0.009258951148237722,0.00975356080346207,0.008659492057801624
1,Deaths,109,Republic of Cuba,3,Both,22,All ages,302,Diarrheal diseases,3,Rate,1994,6.547313890361088,6.914143303011542,6.102822026319887
1,Deaths,109,Republic of Cuba,3,Both,22,All ages,332,Meningitis,1,Number,1994,349.36095447539213,361.49494786037144,337.1777883741621
1,Deaths,109,Republic of Cuba,3,Both,22,All ages,332,Meningitis,2,Percent,1994,0.004448242079209202,0.004586013669099404,0.004303543079826555
1,Deaths,109,Republic of Cuba,3,Both,22,All ages,332,Meningitis,3,Rate,1994,3.1455310371954566,3.254781519565161,3.035837819874499
1,Deaths,109,Republic of Cuba,3,Both,22,All ages,302,Diarrheal diseases,1,Number,1997,537.7080359831101,566.8517683204423,502.7485979411969
1,Deaths,109,Republic of Cuba,3,Both,22,All ages,302,Diarrheal diseases,2,Percent,1997,0.006935157610065562,0.007302536930118496,0.006498971162759994
1,Deaths,109,Republic of Cuba,3,Both,22,All ages,302,Diarrheal diseases,3,Rate,1997,4.776344664452115,5.035222161414065,4.465807506385569
1,Deaths,109,Republic of Cuba,3,Both,22,All ages,332,Meningitis,1,Number,1997,285.11159662863713,295.8790574305165,274.8754029338853
1,Deaths,109,Republic of Cuba,3,Both,22,All ages,332,Meningitis,2,Percent,1997,0.003677305736458556,0.003806185616510021,0.0035585057838885717
1,Deaths,109,Republic of Cuba,3,Both,22,All ages,332,Meningitis,3,Rate,1997,2.532584901471303,2.6282299365259205,2.4416589976974534
1,Deaths,109,Republic of Cuba,3,Both,22,All ages,302,Diarrheal diseases,1,Number,1999,406.15402564047247,427.41646158258806,379.14580002596523
1,Deaths,109,Republic of Cuba,3,Both,22,All ages,302,Diarrheal diseases,2,Percent,1999,0.005173075980892204,0.005455437260752527,0.004829989024504707
1,Deaths,109,Republic of Cuba,3,Both,22,All ages,302,Diarrheal diseases,3,Rate,1999,3.5756385681036935,3.7628256478982984,3.3378675574360237
1,Deaths,109,Republic of Cuba,3,Both,22,All ages,332,Meningitis,1,Number,1999,255.78596215322366,264.7025235035851,246.45815682231148
1,Deaths,109,Republic of Cuba,3,Both,22,All ages,332,Meningitis,2,Percent,1999,0.003257842232104459,0.0033654852686600834,0.00313780673096416
1,Deaths,109,Republic of Cuba,3,Both,22,All ages,332,Meningitis,3,Rate,1999,2.251850514130276,2.330348814396876,2.1697317651054973
1,Deaths,109,Republic of Cuba,3,Both,22,All ages,302,Diarrheal diseases,1,Number,2000,318.4348775790726,336.1025241069168,296.1147400155645
1,Deaths,109,Republic of Cuba,3,Both,22,All ages,302,Diarrheal diseases,2,Percent,2000,0.00412094502333442,0.004343534017857705,0.003844490177481575
1,Deaths,109,Republic of Cuba,3,Both,22,All ages,302,Diarrheal diseases,3,Rate,2000,2.7925314302756306,2.947468787022162,2.596793808354197
1,Deaths,109,Republic of Cuba,3,Both,22,All ages,332,Meningitis,1,Number,2000,235.0329804190543,242.9269344649363,226.18091551372774
1,Deaths,109,Republic of Cuba,3,Both,22,All ages,332,Meningitis,2,Percent,2000,0.0030416433344409447,0.0031424847216916544,0.002934506375175454
1,Deaths,109,Republic of Cuba,3,Both,22,All ages,332,Meningitis,3,Rate,2000,2.0611341005150647,2.1303605462796424,1.9835054511067558
1,Deaths,109,Republic of Cuba,3,Both,22,All ages,302,Diarrheal diseases,1,Number,1998,481.53316069581484,507.7232247884351,450.9690242633749
1,Deaths,109,Republic of Cuba,3,Both,22,All ages,302,Diarrheal diseases,2,Percent,1998,0.0061611768605131486,0.006487196094873433,0.005784209434495972
1,Deaths,109,Republic of Cuba,3,Both,22,All ages,302,Diarrheal diseases,3,Rate,1998,4.257584066199347,4.489149425919028,3.9873443591688678
1,Deaths,109,Republic of Cuba,3,Both,22,All ages,332,Meningitis,1,Number,1998,254.75145459679604,264.82662491222965,244.16622131776995
1,Deaths,109,Republic of Cuba,3,Both,22,All ages,332,Meningitis,2,Percent,1998,0.0032595177589073094,0.0033840127534642264,0.0031426866621845923
1,Deaths,109,Republic of Cuba,3,Both,22,All ages,332,Meningitis,3,Rate,1998,2.2524424535272782,2.341524344662772,2.1588507256374228
1,Deaths,109,Republic of Cuba,3,Both,22,All ages,302,Diarrheal diseases,1,Number,1996,609.0100378516736,641.4282640578458,568.2500638396606
1,Deaths,109,Republic of Cuba,3,Both,22,All ages,302,Diarrheal diseases,2,Percent,1996,0.007795806768521797,0.008221503815630247,0.007299729026067661
1,Deaths,109,Republic of Cuba,3,Both,22,All ages,302,Diarrheal diseases,3,Rate,1996,5.434873887504129,5.7241777743639455,5.071127307571428
1,Deaths,109,Republic of Cuba,3,Both,22,All ages,332,Meningitis,1,Number,1996,308.6976292303882,318.9014142114285,298.35804375274216
1,Deaths,109,Republic of Cuba,3,Both,22,All ages,332,Meningitis,2,Percent,1996,0.003951550424245158,0.004073339297200744,0.003822099108750127
1,Deaths,109,Republic of Cuba,3,Both,22,All ages,332,Meningitis,3,Rate,1996,2.754852268374743,2.8459119900548466,2.662580647830843
1,Deaths,109,Republic of Cuba,3,Both,22,All ages,302,Diarrheal diseases,1,Number,1993,723.8092579184405,764.4659649234808,677.1613034669123
1,Deaths,109,Republic of Cuba,3,Both,22,All ages,302,Diarrheal diseases,2,Percent,1993,0.009320875019716556,0.009815408491822343,0.008712648403141256
1,Deaths,109,Republic of Cuba,3,Both,22,All ages,302,Diarrheal diseases,3,Rate,1993,6.5474310888529486,6.915203377619644,6.12546319625417
1,Deaths,109,Republic of Cuba,3,Both,22,All ages,332,Meningitis,1,Number,1993,366.2905145558027,378.7490194548893,355.27497675308143
1,Deaths,109,Republic of Cuba,3,Both,22,All ages,332,Meningitis,2,Percent,1993,0.004716898943352127,0.0048724913073269205,0.00456627632840785
1,Deaths,109,Republic of Cuba,3,Both,22,All ages,332,Meningitis,3,Rate,1993,3.313389372017181,3.426086469221348,3.213745061197803
4,YLLs (Years of Life Lost),109,Republic of Cuba,3,Both,22,All ages,589,Chronic kidney disease,1,Number,1984,21033.222874430998,21835.406487404583,20018.583574046374
4,YLLs (Years of Life Lost),109,Republic of Cuba,3,Both,22,All ages,589,Chronic kidney disease,2,Percent,1984,0.011805425460857576,0.01231622991592628,0.01126902943534568
4,YLLs (Years of Life Lost),109,Republic of Cuba,3,Both,22,All ages,589,Chronic kidney disease,3,Rate,1984,204.5638826456227,212.36572050205788,194.6957537330616
4,YLLs (Years of Life Lost),109,Republic of Cuba,3,Both,22,All ages,302,Diarrheal diseases,1,Number,1980,23951.474622420625,25645.163910486735,22481.621349939807
4,YLLs (Years of Life Lost),109,Republic of Cuba,3,Both,22,All ages,302,Diarrheal diseases,2,Percent,1980,0.01450324349274605,0.015467359521218603,0.013641064007373369
4,YLLs (Years of Life Lost),109,Republic of Cuba,3,Both,22,All ages,302,Diarrheal diseases,3,Rate,1980,240.99073807195586,258.0320032980039,226.20162673009963
4,YLLs (Years of Life Lost),109,Republic of Cuba,3,Both,22,All ages,302,Diarrheal diseases,1,Number,1984,22421.817371285215,24108.399608447176,20834.64062222757
4,YLLs (Years of Life Lost),109,Republic of Cuba,3,Both,22,All ages,302,Diarrheal diseases,2,Percent,1984,0.012584051770580662,0.013457375714701555,0.011708082404034701
4,YLLs (Years of Life Lost),109,Republic of Cuba,3,Both,22,All ages,302,Diarrheal diseases,3,Rate,1984,218.0690065818198,234.47228499971777,202.63252116204205
4,YLLs (Years of Life Lost),109,Republic of Cuba,3,Both,22,All ages,332,Meningitis,1,Number,1984,45236.87066851084,47427.61688233544,43213.16965966014
4,YLLs (Years of Life Lost),109,Republic of Cuba,3,Both,22,All ages,332,Meningitis,2,Percent,1984,0.025389746262718393,0.02650514115917084,0.02432103237377069
4,YLLs (Years of Life Lost),109,Republic of Cuba,3,Both,22,All ages,332,Meningitis,3,Rate,1984,439.9625277559279,461.2691793359837,420.28051619945796
4,YLLs (Years of Life Lost),109,Republic of Cuba,3,Both,22,All ages,589,Chronic kidney disease,1,Number,1982,19880.760541528616,20815.260994373246,18885.79897180861
4,YLLs (Years of Life Lost),109,Republic of Cuba,3,Both,22,All ages,589,Chronic kidney disease,2,Percent,1982,0.011686868564702156,0.012204164890817305,0.011139774399661882
4,YLLs (Years of Life Lost),109,Republic of Cuba,3,Both,22,All ages,589,Chronic kidney disease,3,Rate,1982,196.78571730213716,206.0356824404455,186.9372899355671
4,YLLs (Years of Life Lost),109,Republic of Cuba,3,Both,22,All ages,332,Meningitis,1,Number,1980,37353.0449138923,38900.476193382405,35969.474108966206
4,YLLs (Years of Life Lost),109,Republic of Cuba,3,Both,22,All ages,332,Meningitis,2,Percent,1980,0.0226186986054273,0.023476041064408273,0.0217858423145789
4,YLLs (Years of Life Lost),109,Republic of Cuba,3,Both,22,All ages,332,Meningitis,3,Rate,1980,375.8323028097586,391.4019749088148,361.91133323647676
4,YLLs (Years of Life Lost),109,Republic of Cuba,3,Both,22,All ages,589,Chronic kidney disease,1,Number,1983,20147.708768509227,20947.341798160156,19134.50806692579
4,YLLs (Years of Life Lost),109,Republic of Cuba,3,Both,22,All ages,589,Chronic kidney disease,2,Percent,1983,0.011704235920860619,0.012203858585986325,0.01119451473907945
4,YLLs (Years of Life Lost),109,Republic of Cuba,3,Both,22,All ages,589,Chronic kidney disease,3,Rate,1983,197.69496322793538,205.541186548364,187.75315407516797
4,YLLs (Years of Life Lost),109,Republic of Cuba,3,Both,22,All ages,589,Chronic kidney disease,1,Number,1981,19842.656732332634,20790.94413895265,18937.38193544276
4,YLLs (Years of Life Lost),109,Republic of Cuba,3,Both,22,All ages,589,Chronic kidney disease,2,Percent,1981,0.011808056992984818,0.012335041396743207,0.011274546042726697
4,YLLs (Years of Life Lost),109,Republic of Cuba,3,Both,22,All ages,589,Chronic kidney disease,3,Rate,1981,198.058181106562,207.52344986845011,189.0222398970633
4,YLLs (Years of Life Lost),109,Republic of Cuba,3,Both,22,All ages,589,Chronic kidney disease,1,Number,1986,22117.851533703775,22930.64301145467,21234.031172977877
4,YLLs (Years of Life Lost),109,Republic of Cuba,3,Both,22,All ages,589,Chronic kidney disease,2,Percent,1986,0.012102105894471603,0.012535478586199954,0.011618662129337001
4,YLLs (Years of Life Lost),109,Republic of Cuba,3,Both,22,All ages,589,Chronic kidney disease,3,Rate,1986,211.36962787573682,219.13708358593485,202.92338342604606
4,YLLs (Years of Life Lost),109,Republic of Cuba,3,Both,22,All ages,302,Diarrheal diseases,1,Number,1982,23347.112463297013,25037.6020326323,21934.54857563254
4,YLLs (Years of Life Lost),109,Republic of Cuba,3,Both,22,All ages,302,Diarrheal diseases,2,Percent,1982,0.013724234125836504,0.014649460695562864,0.012909953910476177
4,YLLs (Years of Life Lost),109,Republic of Cuba,3,Both,22,All ages,302,Diarrheal diseases,3,Rate,1982,231.0967059548067,247.8296776033776,217.11472587469376
4,YLLs (Years of Life Lost),109,Republic of Cuba,3,Both,22,All ages,332,Meningitis,1,Number,1982,44092.03284854979,45990.33638133622,42491.226285190125
4,YLLs (Years of Life Lost),109,Republic of Cuba,3,Both,22,All ages,332,Meningitis,2,Percent,1982,0.02591942801963826,0.026988431498363066,0.02498418249961059
4,YLLs (Years of Life Lost),109,Republic of Cuba,3,Both,22,All ages,332,Meningitis,3,Rate,1982,436.43613599623853,455.2261124448886,420.5908735791066
4,YLLs (Years of Life Lost),109,Republic of Cuba,3,Both,22,All ages,589,Chronic kidney disease,1,Number,1989,19590.421466835516,20380.95445468802,18751.62131116123
4,YLLs (Years of Life Lost),109,Republic of Cuba,3,Both,22,All ages,589,Chronic kidney disease,2,Percent,1989,0.010458276417601468,0.010839404313518666,0.010047161211985582
4,YLLs (Years of Life Lost),109,Republic of Cuba,3,Both,22,All ages,589,Chronic kidney disease,3,Rate,1989,182.14202432000351,189.49200803234766,174.34327641592768
4,YLLs (Years of Life Lost),109,Republic of Cuba,3,Both,22,All ages,589,Chronic kidney disease,1,Number,1985,21880.06163695148,22776.358668083896,20857.099041907488
4,YLLs (Years of Life Lost),109,Republic of Cuba,3,Both,22,All ages,589,Chronic kidney disease,2,Percent,1985,0.011582743559256987,0.012064336183770728,0.011075032654475417
4,YLLs (Years of Life Lost),109,Republic of Cuba,3,Both,22,All ages,589,Chronic kidney disease,3,Rate,1985,210.9423364610246,219.5833994089849,201.08011013409364
4,YLLs (Years of Life Lost),109,Republic of Cuba,3,Both,22,All ages,589,Chronic kidney disease,1,Number,1987,21773.079337797775,22607.414856914063,20822.040653826913
4,YLLs (Years of Life Lost),109,Republic of Cuba,3,Both,22,All ages,589,Chronic kidney disease,2,Percent,1987,0.011731948875667563,0.0121520032963336,0.011273020403856379
4,YLLs (Years of Life Lost),109,Republic of Cuba,3,Both,22,All ages,589,Chronic kidney disease,3,Rate,1987,206.1919986829492,214.09319196800365,197.18562140252794
4,YLLs (Years of Life Lost),109,Republic of Cuba,3,Both,22,All ages,589,Chronic kidney disease,1,Number,1980,19771.490607900254,20659.19680930753,18853.78028975911
4,YLLs (Years of Life Lost),109,Republic of Cuba,3,Both,22,All ages,589,Chronic kidney disease,2,Percent,1980,0.011972594195985873,0.012514374689742144,0.011433872446026288
4,YLLs (Years of Life Lost),109,Republic of Cuba,3,Both,22,All ages,589,Chronic kidney disease,3,Rate,1980,198.93330951407984,207.8650757639933,189.69965311540213
4,YLLs (Years of Life Lost),109,Republic of Cuba,3,Both,22,All ages,302,Diarrheal diseases,1,Number,1983,23317.636593461044,24881.569125200396,21732.908436941812
4,YLLs (Years of Life Lost),109,Republic of Cuba,3,Both,22,All ages,302,Diarrheal diseases,2,Percent,1983,0.01354526538107175,0.014422193809187875,0.012675337758259351
4,YLLs (Years of Life Lost),109,Republic of Cuba,3,Both,22,All ages,302,Diarrheal diseases,3,Rate,1983,228.799183166262,244.14492733526777,213.24938650059727
4,YLLs (Years of Life Lost),109,Republic of Cuba,3,Both,22,All ages,332,Meningitis,1,Number,1983,44854.35323337265,46877.74568865258,42937.50718209917
4,YLLs (Years of Life Lost),109,Republic of Cuba,3,Both,22,All ages,332,Meningitis,2,Percent,1983,0.026056622927741784,0.02718628044900908,0.025021948484463357
4,YLLs (Years of Life Lost),109,Republic of Cuba,3,Both,22,All ages,332,Meningitis,3,Rate,1983,440.1234807872665,459.97757445311714,421.31485028867576
4,YLLs (Years of Life Lost),109,Republic of Cuba,3,Both,22,All ages,302,Diarrheal diseases,1,Number,1986,20298.07164895669,21696.127334832687,18973.360846623633
4,YLLs (Years of Life Lost),109,Republic of Cuba,3,Both,22,All ages,302,Diarrheal diseases,2,Percent,1986,0.011105880809326018,0.011859349077550723,0.01044051083058815
4,YLLs (Years of Life Lost),109,Republic of Cuba,3,Both,22,All ages,302,Diarrheal diseases,3,Rate,1986,193.97887016725832,207.33941332954828,181.31924864364748
4,YLLs (Years of Life Lost),109,Republic of Cuba,3,Both,22,All ages,589,Chronic kidney disease,1,Number,1988,20197.629742784677,20954.25998423572,19412.1657267926
4,YLLs (Years of Life Lost),109,Republic of Cuba,3,Both,22,All ages,589,Chronic kidney disease,2,Percent,1988,0.01056368746200811,0.010930097888749666,0.010155713295785034
4,YLLs (Years of Life Lost),109,Republic of Cuba,3,Both,22,All ages,589,Chronic kidney disease,3,Rate,1988,189.50977011797266,196.60905973500894,182.1399397466751
4,YLLs (Years of Life Lost),109,Republic of Cuba,3,Both,22,All ages,302,Diarrheal diseases,1,Number,1981,21984.849079073243,23465.33128201552,20598.928926393994
4,YLLs (Years of Life Lost),109,Republic of Cuba,3,Both,22,All ages,302,Diarrheal diseases,2,Percent,1981,0.013082465861700629,0.013940349665483976,0.012298633319840406
4,YLLs (Years of Life Lost),109,Republic of Cuba,3,Both,22,All ages,302,Diarrheal diseases,3,Rate,1981,219.44033398554123,234.21767031861356,205.60686257587307
4,YLLs (Years of Life Lost),109,Republic of Cuba,3,Both,22,All ages,332,Meningitis,1,Number,1981,45916.690520150674,47954.7946128127,44080.64690089655
4,YLLs (Years of Life Lost),109,Republic of Cuba,3,Both,22,All ages,332,Meningitis,2,Percent,1981,0.02732408676225538,0.028447221745602543,0.02634140875184946
4,YLLs (Years of Life Lost),109,Republic of Cuba,3,Both,22,All ages,332,Meningitis,3,Rate,1981,458.3144449621725,478.6576477370682,439.98809559438695
4,YLLs (Years of Life Lost),109,Republic of Cuba,3,Both,22,All ages,332,Meningitis,1,Number,1986,40614.86015359827,42581.54877738293,38853.47690643541
4,YLLs (Years of Life Lost),109,Republic of Cuba,3,Both,22,All ages,332,Meningitis,2,Percent,1986,0.022222749969367277,0.02328885619626305,0.021351907228245363
4,YLLs (Years of Life Lost),109,Republic of Cuba,3,Both,22,All ages,332,Meningitis,3,Rate,1986,388.1366082871787,406.9313018822308,371.3039190482605
4,YLLs (Years of Life Lost),109,Republic of Cuba,3,Both,22,All ages,589,Chronic kidney disease,1,Number,1991,22737.96174660096,23602.26844802142,21801.7192664095
4,YLLs (Years of Life Lost),109,Republic of Cuba,3,Both,22,All ages,589,Chronic kidney disease,2,Percent,1991,0.011757654920010692,0.012181812631958087,0.011303411789292055
4,YLLs (Years of Life Lost),109,Republic of Cuba,3,Both,22,All ages,589,Chronic kidney disease,3,Rate,1991,208.08035104466194,215.98982172836142,199.5125793986265
4,YLLs (Years of Life Lost),109,Republic of Cuba,3,Both,22,All ages,589,Chronic kidney disease,1,Number,1993,23775.932546125612,24663.7849144089,22812.103112667475
4,YLLs (Years of Life Lost),109,Republic of Cuba,3,Both,22,All ages,589,Chronic kidney disease,2,Percent,1993,0.01202404460545642,0.01246301666194342,0.011568751967526162
4,YLLs (Years of Life Lost),109,Republic of Cuba,3,Both,22,All ages,589,Chronic kidney disease,3,Rate,1993,215.0722420526358,223.103573698113,206.35363735403934
4,YLLs (Years of Life Lost),109,Republic of Cuba,3,Both,22,All ages,589,Chronic kidney disease,1,Number,1992,22859.503778582348,23695.718898798674,21966.519637166457
4,YLLs (Years of Life Lost),109,Republic of Cuba,3,Both,22,All ages,589,Chronic kidney disease,2,Percent,1992,0.011728417804918631,0.012146116722457712,0.011272812917917832
4,YLLs (Years of Life Lost),109,Republic of Cuba,3,Both,22,All ages,589,Chronic kidney disease,3,Rate,1992,207.88116848660104,215.48559323617064,199.76049410295724
4,YLLs (Years of Life Lost),109,Republic of Cuba,3,Both,22,All ages,589,Chronic kidney disease,1,Number,1990,22321.53300231667,23117.95529274489,21446.95090879323
4,YLLs (Years of Life Lost),109,Republic of Cuba,3,Both,22,All ages,589,Chronic kidney disease,2,Percent,1990,0.011530113687605963,0.011926175932944804,0.011108965861539543
4,YLLs (Years of Life Lost),109,Republic of Cuba,3,Both,22,All ages,589,Chronic kidney disease,3,Rate,1990,205.78414015598614,213.12642602048385,197.721292317853
4,YLLs (Years of Life Lost),109,Republic of Cuba,3,Both,22,All ages,589,Chronic kidney disease,1,Number,1994,24661.006344348676,25629.502233273735,23658.0270712704
4,YLLs (Years of Life Lost),109,Republic of Cuba,3,Both,22,All ages,589,Chronic kidney disease,2,Percent,1994,0.012359986177593839,0.012831305874527759,0.01187476864844155
4,YLLs (Years of Life Lost),109,Republic of Cuba,3,Both,22,All ages,589,Chronic kidney disease,3,Rate,1994,222.03958361948764,230.759601809799,213.00908838893466
4,YLLs (Years of Life Lost),109,Republic of Cuba,3,Both,22,All ages,302,Diarrheal diseases,1,Number,1987,21945.0422835828,23445.595419692247,20578.490542194286
4,YLLs (Years of Life Lost),109,Republic of Cuba,3,Both,22,All ages,302,Diarrheal diseases,2,Percent,1987,0.011824305364820228,0.012628972568502782,0.011131974334216307
4,YLLs (Years of Life Lost),109,Republic of Cuba,3,Both,22,All ages,302,Diarrheal diseases,3,Rate,1987,207.8204951827199,222.03079798206932,194.87919136027804
4,YLLs (Years of Life Lost),109,Republic of Cuba,3,Both,22,All ages,332,Meningitis,1,Number,1987,37642.39433270243,39312.709160979124,36321.91255060857
4,YLLs (Years of Life Lost),109,Republic of Cuba,3,Both,22,All ages,332,Meningitis,2,Percent,1987,0.02028245251371386,0.02114767973279624,0.019599922231655142
4,YLLs (Years of Life Lost),109,Republic of Cuba,3,Both,22,All ages,332,Meningitis,3,Rate,1987,356.47509487542624,372.29304820801934,343.9700755508652
4,YLLs (Years of Life Lost),109,Republic of Cuba,3,Both,22,All ages,589,Chronic kidney disease,1,Number,1998,27476.37044708368,28680.2770344129,26382.792517847036
4,YLLs (Years of Life Lost),109,Republic of Cuba,3,Both,22,All ages,589,Chronic kidney disease,2,Percent,1998,0.014374343252893128,0.01498129776395818,0.013803277035770355
4,YLLs (Years of Life Lost),109,Republic of Cuba,3,Both,22,All ages,589,Chronic kidney disease,3,Rate,1998,242.93852752207962,253.58313919534143,233.26941156766165
4,YLLs (Years of Life Lost),109,Republic of Cuba,3,Both,22,All ages,589,Chronic kidney disease,1,Number,1996,24827.916153494476,25907.7618572381,23769.09840739006
4,YLLs (Years of Life Lost),109,Republic of Cuba,3,Both,22,All ages,589,Chronic kidney disease,2,Percent,1996,0.012884580628283538,0.013401572133457895,0.012419142319503172
4,YLLs (Years of Life Lost),109,Republic of Cuba,3,Both,22,All ages,589,Chronic kidney disease,3,Rate,1996,221.5671085812769,231.20377276256437,212.11810025256622
4,YLLs (Years of Life Lost),109,Republic of Cuba,3,Both,22,All ages,302,Diarrheal diseases,1,Number,1989,19837.34566030481,21291.68550138453,18487.841287180407
4,YLLs (Years of Life Lost),109,Republic of Cuba,3,Both,22,All ages,302,Diarrheal diseases,2,Percent,1989,0.010590045383343271,0.011349625001696496,0.009911172953628268
4,YLLs (Years of Life Lost),109,Republic of Cuba,3,Both,22,All ages,302,Diarrheal diseases,3,Rate,1989,184.4378030263585,197.95953369212984,171.8907805559288
4,YLLs (Years of Life Lost),109,Republic of Cuba,3,Both,22,All ages,332,Meningitis,1,Number,1989,33295.35913004235,34705.124695439146,31782.745334979412
4,YLLs (Years of Life Lost),109,Republic of Cuba,3,Both,22,All ages,332,Meningitis,2,Percent,1989,0.01777481666797129,0.01851592301836658,0.017019523952583385
4,YLLs (Years of Life Lost),109,Republic of Cuba,3,Both,22,All ages,332,Meningitis,3,Rate,1989,309.5637387216986,322.67103987561745,295.5002057286217
4,YLLs (Years of Life Lost),109,Republic of Cuba,3,Both,22,All ages,302,Diarrheal diseases,1,Number,1985,25543.194951004214,27559.45072311335,23704.488457387768
4,YLLs (Years of Life Lost),109,Republic of Cuba,3,Both,22,All ages,302,Diarrheal diseases,2,Percent,1985,0.013521150807876954,0.014565617509132791,0.012575572429620244
4,YLLs (Years of Life Lost),109,Republic of Cuba,3,Both,22,All ages,302,Diarrheal diseases,3,Rate,1985,246.25804593460006,265.6964602557665,228.53135712242192
4,YLLs (Years of Life Lost),109,Republic of Cuba,3,Both,22,All ages,332,Meningitis,1,Number,1985,46170.220231556625,48312.968540654954,44019.220774442845
4,YLLs (Years of Life Lost),109,Republic of Cuba,3,Both,22,All ages,332,Meningitis,2,Percent,1985,0.024440857432807363,0.0255891391472091,0.023367826349151112
4,YLLs (Years of Life Lost),109,Republic of Cuba,3,Both,22,All ages,332,Meningitis,3,Rate,1985,445.120050032984,465.77795960695755,424.38259239969767
4,YLLs (Years of Life Lost),109,Republic of Cuba,3,Both,22,All ages,589,Chronic kidney disease,1,Number,1995,24622.279963113044,25687.083285405188,23640.828805143956
4,YLLs (Years of Life Lost),109,Republic of Cuba,3,Both,22,All ages,589,Chronic kidney disease,2,Percent,1995,0.012446797315324415,0.01293369382725498,0.011977140098683881
4,YLLs (Years of Life Lost),109,Republic of Cuba,3,Both,22,All ages,589,Chronic kidney disease,3,Rate,1995,220.71403533047473,230.25892875417387,211.91631042930211
4,YLLs (Years of Life Lost),109,Republic of Cuba,3,Both,22,All ages,589,Chronic kidney disease,1,Number,1997,26520.457972637418,27693.07744464543,25410.88166976875
4,YLLs (Years of Life Lost),109,Republic of Cuba,3,Both,22,All ages,589,Chronic kidney disease,2,Percent,1997,0.01391909430054502,0.014499097592631238,0.01339207211071339
4,YLLs (Years of Life Lost),109,Republic of Cuba,3,Both,22,All ages,589,Chronic kidney disease,3,Rate,1997,235.57551581842472,245.99164201285257,225.71938851632913
4,YLLs (Years of Life Lost),109,Republic of Cuba,3,Both,22,All ages,589,Chronic kidney disease,1,Number,1999,28486.61487708923,29744.917880213863,27308.368784747665
4,YLLs (Years of Life Lost),109,Republic of Cuba,3,Both,22,All ages,589,Chronic kidney disease,2,Percent,1999,0.015014294849141883,0.01566899522041943,0.014398326288915169
4,YLLs (Years of Life Lost),109,Republic of Cuba,3,Both,22,All ages,589,Chronic kidney disease,3,Rate,1999,250.78623477537872,261.863896116389,240.4133665910725
4,YLLs (Years of Life Lost),109,Republic of Cuba,3,Both,22,All ages,589,Chronic kidney disease,1,Number,2000,31492.18421956602,32978.68847248454,30029.037817661378
4,YLLs (Years of Life Lost),109,Republic of Cuba,3,Both,22,All ages,589,Chronic kidney disease,2,Percent,2000,0.017031934304578233,0.017774532075766788,0.01628645520571081
4,YLLs (Years of Life Lost),109,Republic of Cuba,3,Both,22,All ages,589,Chronic kidney disease,3,Rate,2000,276.1723681456056,289.2083454828638,263.3412287130263
4,YLLs (Years of Life Lost),109,Republic of Cuba,3,Both,22,All ages,302,Diarrheal diseases,1,Number,1991,20708.119725159595,22059.13670129696,19492.448940183334
4,YLLs (Years of Life Lost),109,Republic of Cuba,3,Both,22,All ages,302,Diarrheal diseases,2,Percent,1991,0.010708031716184447,0.011357685940670027,0.010115250269789487
4,YLLs (Years of Life Lost),109,Republic of Cuba,3,Both,22,All ages,302,Diarrheal diseases,3,Rate,1991,189.50479686378327,201.86826592907843,178.37991212206236
4,YLLs (Years of Life Lost),109,Republic of Cuba,3,Both,22,All ages,332,Meningitis,1,Number,1991,25160.066674596714,26182.614233688386,24181.188108201284
4,YLLs (Years of Life Lost),109,Republic of Cuba,3,Both,22,All ages,332,Meningitis,2,Percent,1991,0.013010162137625103,0.01350305689612331,0.012538163148826886
4,YLLs (Years of Life Lost),109,Republic of Cuba,3,Both,22,All ages,332,Meningitis,3,Rate,1991,230.24559387957436,239.60316327945532,221.28764953981377
4,YLLs (Years of Life Lost),109,Republic of Cuba,3,Both,22,All ages,302,Diarrheal diseases,1,Number,1988,20971.619406448364,22604.036974630144,19618.21061873989
4,YLLs (Years of Life Lost),109,Republic of Cuba,3,Both,22,All ages,302,Diarrheal diseases,2,Percent,1988,0.010968048445848522,0.011732901899928911,0.010307454092112093
4,YLLs (Years of Life Lost),109,Republic of Cuba,3,Both,22,All ages,302,Diarrheal diseases,3,Rate,1988,196.77193924883272,212.08854233653835,184.07321214567344
4,YLLs (Years of Life Lost),109,Republic of Cuba,3,Both,22,All ages,332,Meningitis,1,Number,1988,37908.933066732374,39650.84977750924,36173.611858455304
4,YLLs (Years of Life Lost),109,Republic of Cuba,3,Both,22,All ages,332,Meningitis,2,Percent,1988,0.019826551601598172,0.020689136419316537,0.018979570978761625
4,YLLs (Years of Life Lost),109,Republic of Cuba,3,Both,22,All ages,332,Meningitis,3,Rate,1988,355.6909044468689,372.03491310669256,339.4087798882233
4,YLLs (Years of Life Lost),109,Republic of Cuba,3,Both,22,All ages,332,Meningitis,1,Number,1993,19397.34715328284,20126.506638015897,18672.69803198967
4,YLLs (Years of Life Lost),109,Republic of Cuba,3,Both,22,All ages,332,Meningitis,2,Percent,1993,0.009809498336755708,0.010160632866767827,0.009464693770265608
4,YLLs (Years of Life Lost),109,Republic of Cuba,3,Both,22,All ages,332,Meningitis,3,Rate,1993,175.46445061771817,182.06027876835935,168.90942229587873
4,YLLs (Years of Life Lost),109,Republic of Cuba,3,Both,22,All ages,302,Diarrheal diseases,1,Number,1990,21710.88995806338,23181.123760657494,20358.447091580994
4,YLLs (Years of Life Lost),109,Republic of Cuba,3,Both,22,All ages,302,Diarrheal diseases,2,Percent,1990,0.011214314599096619,0.01193565753120547,0.010565382332729138
4,YLLs (Years of Life Lost),109,Republic of Cuba,3,Both,22,All ages,302,Diarrheal diseases,3,Rate,1990,200.15456920354035,213.70878158060674,187.686281637436
4,YLLs (Years of Life Lost),109,Republic of Cuba,3,Both,22,All ages,332,Meningitis,1,Number,1990,29325.28561103226,30464.26043509567,28132.156800445264
4,YLLs (Years of Life Lost),109,Republic of Cuba,3,Both,22,All ages,332,Meningitis,2,Percent,1990,0.015147483192858038,0.015705169405752017,0.014607540096181348
4,YLLs (Years of Life Lost),109,Republic of Cuba,3,Both,22,All ages,332,Meningitis,3,Rate,1990,270.35234021196766,280.85264746258883,259.3527826835266
4,YLLs (Years of Life Lost),109,Republic of Cuba,3,Both,22,All ages,302,Diarrheal diseases,1,Number,1992,20046.10214906486,21209.12748162673,18861.21548085259
4,YLLs (Years of Life Lost),109,Republic of Cuba,3,Both,22,All ages,302,Diarrheal diseases,2,Percent,1992,0.010284722988661595,0.010869716633783602,0.009744248689999176
4,YLLs (Years of Life Lost),109,Republic of Cuba,3,Both,22,All ages,302,Diarrheal diseases,3,Rate,1992,182.2964828420174,192.87287450188347,171.52128721668865
4,YLLs (Years of Life Lost),109,Republic of Cuba,3,Both,22,All ages,332,Meningitis,1,Number,1992,21796.212923168336,22681.14772949733,20931.672094896883
4,YLLs (Years of Life Lost),109,Republic of Cuba,3,Both,22,All ages,332,Meningitis,2,Percent,1992,0.011182614674389413,0.011611598759284969,0.010803556559401612
4,YLLs (Years of Life Lost),109,Republic of Cuba,3,Both,22,All ages,332,Meningitis,3,Rate,1992,198.21174837995437,206.25922322262784,190.34973355556326
4,YLLs (Years of Life Lost),109,Republic of Cuba,3,Both,22,All ages,302,Diarrheal diseases,1,Number,1994,22325.415329788215,23387.013343864808,21081.388861507025
4,YLLs (Years of Life Lost),109,Republic of Cuba,3,Both,22,All ages,302,Diarrheal diseases,2,Percent,1994,0.011189331226154006,0.011740183632840434,0.010582388676184249
4,YLLs (Years of Life Lost),109,Republic of Cuba,3,Both,22,All ages,302,Diarrheal diseases,3,Rate,1994,201.0106909158749,210.5689699952223,189.80988608367156
4,YLLs (Years of Life Lost),109,Republic of Cuba,3,Both,22,All ages,332,Meningitis,1,Number,1994,18589.561532426833,19356.538374065993,17892.977186767235
4,YLLs (Years of Life Lost),109,Republic of Cuba,3,Both,22,All ages,332,Meningitis,2,Percent,1994,0.009316840096288363,0.009674081241927118,0.008995633338367703
4,YLLs (Years of Life Lost),109,Republic of Cuba,3,Both,22,All ages,332,Meningitis,3,Rate,1994,167.3742930314271,174.27990005270644,161.10247687330207
4,YLLs (Years of Life Lost),109,Republic of Cuba,3,Both,22,All ages,302,Diarrheal diseases,1,Number,1993,22542.841835888215,23834.954321086276,21357.055457837843
4,YLLs (Years of Life Lost),109,Republic of Cuba,3,Both,22,All ages,302,Diarrheal diseases,2,Percent,1993,0.011400279981365802,0.011980710156062686,0.010823758930091658
4,YLLs (Years of Life Lost),109,Republic of Cuba,3,Both,22,All ages,302,Diarrheal diseases,3,Rate,1993,203.91795469963583,215.60614100469962,193.1915726985088
4,YLLs (Years of Life Lost),109,Republic of Cuba,3,Both,22,All ages,302,Diarrheal diseases,1,Number,1996,18060.32684142067,18988.124860563115,17094.70079765952
4,YLLs (Years of Life Lost),109,Republic of Cuba,3,Both,22,All ages,302,Diarrheal diseases,2,Percent,1996,0.009372550937354363,0.009852241164427927,0.008880648171478362
4,YLLs (Years of Life Lost),109,Republic of Cuba,3,Both,22,All ages,302,Diarrheal diseases,3,Rate,1996,161.17238247250916,169.4521560619611,152.55502734837324
4,YLLs (Years of Life Lost),109,Republic of Cuba,3,Both,22,All ages,332,Meningitis,1,Number,1996,15464.86353402719,16100.977805967303,14870.666522462887
4,YLLs (Years of Life Lost),109,Republic of Cuba,3,Both,22,All ages,332,Meningitis,2,Percent,1996,0.008025558905773686,0.00832864741483318,0.007743650655753292
4,YLLs (Years of Life Lost),109,Republic of Cuba,3,Both,22,All ages,332,Meningitis,3,Rate,1996,138.0101767967409,143.68693190940135,132.7074960173309
4,YLLs (Years of Life Lost),109,Republic of Cuba,3,Both,22,All ages,302,Diarrheal diseases,1,Number,1998,14304.781082262212,15008.736122499136,13538.837272383736
4,YLLs (Years of Life Lost),109,Republic of Cuba,3,Both,22,All ages,302,Diarrheal diseases,2,Percent,1998,0.00748345259411924,0.00783633339774877,0.00708690892783207
4,YLLs (Years of Life Lost),109,Republic of Cuba,3,Both,22,All ages,302,Diarrheal diseases,3,Rate,1998,126.4789488605594,132.7031261494144,119.70668388127869
4,YLLs (Years of Life Lost),109,Republic of Cuba,3,Both,22,All ages,332,Meningitis,1,Number,1998,12638.694480510676,13264.389664460265,12034.230705770657
4,YLLs (Years of Life Lost),109,Republic of Cuba,3,Both,22,All ages,332,Meningitis,2,Percent,1998,0.006611856102438812,0.00692555301645079,0.00632015000212962
4,YLLs (Years of Life Lost),109,Republic of Cuba,3,Both,22,All ages,332,Meningitis,3,Rate,1998,111.74786832962482,117.28009344498757,106.40336550824263
4,YLLs (Years of Life Lost),109,Republic of Cuba,3,Both,22,All ages,302,Diarrheal diseases,1,Number,1995,20995.44074908852,22129.116262500207,19827.503917510137
4,YLLs (Years of Life Lost),109,Republic of Cuba,3,Both,22,All ages,302,Diarrheal diseases,2,Percent,1995,0.010613313689847888,0.011168346468403947,0.010042108512907747
4,YLLs (Years of Life Lost),109,Republic of Cuba,3,Both,22,All ages,302,Diarrheal diseases,3,Rate,1995,188.20306073261526,198.36532424741927,177.7336788762257
4,YLLs (Years of Life Lost),109,Republic of Cuba,3,Both,22,All ages,332,Meningitis,1,Number,1995,18153.43933282873,18919.63034460774,17386.70478360464
4,YLLs (Years of Life Lost),109,Republic of Cuba,3,Both,22,All ages,332,Meningitis,2,Percent,1995,0.009176592114684011,0.009530184521513963,0.00881060384669479
4,YLLs (Years of Life Lost),109,Republic of Cuba,3,Both,22,All ages,332,Meningitis,3,Rate,1995,162.72736953190784,169.59550320178056,155.85436359419367
4,YLLs (Years of Life Lost),109,Republic of Cuba,3,Both,22,All ages,302,Diarrheal diseases,1,Number,1997,16010.219870002044,16816.695059745805,15186.932172590741
4,YLLs (Years of Life Lost),109,Republic of Cuba,3,Both,22,All ages,302,Diarrheal diseases,2,Percent,1997,0.00840284199103417,0.008818281219301102,0.007982048475291477
4,YLLs (Years of Life Lost),109,Republic of Cuba,3,Both,22,All ages,302,Diarrheal diseases,3,Rate,1997,142.21533459691753,149.3790799973427,134.90224731219817
4,YLLs (Years of Life Lost),109,Republic of Cuba,3,Both,22,All ages,332,Meningitis,1,Number,1997,14148.797776555857,14790.216384480413,13662.893010260352
4,YLLs (Years of Life Lost),109,Republic of Cuba,3,Both,22,All ages,332,Meningitis,2,Percent,1997,0.007425923077711784,0.007727957823215856,0.007174419098358546
4,YLLs (Years of Life Lost),109,Republic of Cuba,3,Both,22,All ages,332,Meningitis,3,Rate,1997,125.68072308033564,131.37830641668924,121.36453570239537
4,YLLs (Years of Life Lost),109,Republic of Cuba,3,Both,22,All ages,302,Diarrheal diseases,1,Number,1999,11952.829483407728,12559.73054960662,11269.466414904175
4,YLLs (Years of Life Lost),109,Republic of Cuba,3,Both,22,All ages,302,Diarrheal diseases,2,Percent,1999,0.0062999064296519495,0.006601889574557591,0.0059482935387438615
4,YLLs (Years of Life Lost),109,Republic of Cuba,3,Both,22,All ages,302,Diarrheal diseases,3,Rate,1999,105.22854730159,110.57149288954025,99.21245687898278
4,YLLs (Years of Life Lost),109,Republic of Cuba,3,Both,22,All ages,332,Meningitis,1,Number,1999,12558.718909429956,13078.758154430248,12009.950410035106
4,YLLs (Years of Life Lost),109,Republic of Cuba,3,Both,22,All ages,332,Meningitis,2,Percent,1999,0.0066192189898980226,0.006874906456414642,0.006352508528969173
4,YLLs (Years of Life Lost),109,Republic of Cuba,3,Both,22,All ages,332,Meningitis,3,Rate,1999,110.5625867618045,115.1408311320735,105.73142004296582
4,YLLs (Years of Life Lost),109,Republic of Cuba,3,Both,22,All ages,302,Diarrheal diseases,1,Number,2000,9657.243124794193,10128.94873508081,9115.485062941043
4,YLLs (Years of Life Lost),109,Republic of Cuba,3,Both,22,All ages,302,Diarrheal diseases,2,Percent,2000,0.005222858804444031,0.005474500876121598,0.004928105818691469
4,YLLs (Years of Life Lost),109,Republic of Cuba,3,Both,22,All ages,302,Diarrheal diseases,3,Rate,2000,84.68970221110425,88.82634940433019,79.93872635433907
4,YLLs (Years of Life Lost),109,Republic of Cuba,3,Both,22,All ages,332,Meningitis,1,Number,2000,11502.900290424146,12020.644990851535,10990.540353025659
4,YLLs (Years of Life Lost),109,Republic of Cuba,3,Both,22,All ages,332,Meningitis,2,Percent,2000,0.006221097852609317,0.006479277587557191,0.005970106492028676
4,YLLs (Years of Life Lost),109,Republic of Cuba,3,Both,22,All ages,332,Meningitis,3,Rate,2000,100.87528993227104,105.41567935127584,96.3821224762531
